010ĐĄĐĄĐĄĐĄĐĄĐĄĐĄĐĄĐĄĐĄĐĄĐĄĐĄĐĄĐĄĐĄ)daGnqLjQTiL91EE1192ZXmHomSCe0KbH8ez+YYhccKGLzG/N951S4bcd+YwEkc=	001ĐĄĐĄĐĄĐĄĐĄĐĄĐĄĐĄĐĄ08350128	001ĐĄĐĄĐĄĐĄĐĄĐĄĐĄĐĄĐĄ08419269
010ĐĄĐĄĐĄĐĄĐĄĐĄĐĄĐĄĐĄĐĄĐĄĐĄĐĄĐĄĐĄĐĄ4gNAQ3riLD!:91EE1192Cc7vUcHo/2T419X0P+NAhYnbERIaXZ8nimZwsg3pssY=	001ĐĄĐĄĐĄĐĄĐĄĐĄĐĄĐĄĐĄ08350128	001ĐĄĐĄĐĄĐĄĐĄĐĄĐĄĐĄĐĄ08419269
010ĐĄĐĄĐĄĐĄĐĄĐĄĐĄĐĄĐĄĐĄĐĄĐĄĐĄĐĄĐĄĐĄ9AlKMl9okP8U91EE1192tbFq9mlhrsIgaCmn7hIyHbeNNf6CaxRs2J25oRof0A4=	001ĐĄĐĄĐĄĐĄĐĄĐĄĐĄĐĄĐĄ08350128	001ĐĄĐĄĐĄĐĄĐĄĐĄĐĄĐĄĐĄ08419269
010ĐĄĐĄĐĄĐĄĐĄĐĄĐĄĐĄĐĄĐĄĐĄĐĄĐĄĐĄĐĄĐĄbjoKCSNwTKcO91EE1192wh2+VcBZCyschTMlvr6b/3Ncpuw37B8o1IPiacwiWBg=	001ĐĄĐĄĐĄĐĄĐĄĐĄĐĄĐĄĐĄ08350128	001ĐĄĐĄĐĄĐĄĐĄĐĄĐĄĐĄĐĄ08419269
010ĐĄĐĄĐĄĐĄĐĄĐĄĐĄĐĄĐĄĐĄĐĄĐĄĐĄĐĄĐĄĐĄCpR.rdP:>o5;91EE1192qdwO6ugCzDozLwBYi0wkHEbS9sWXuFIKltg/HDW0M+Q=	001ĐĄĐĄĐĄĐĄĐĄĐĄĐĄĐĄĐĄ08350128	001ĐĄĐĄĐĄĐĄĐĄĐĄĐĄĐĄĐĄ08419269
010ĐĄĐĄĐĄĐĄĐĄĐĄĐĄĐĄĐĄĐĄĐĄĐĄĐĄĐĄĐĄĐĄCyDGEE+ql4_%91EE1192PSBfP97eAd8xhS6NDtMj79/pk+XOcOODH+y9ni07LY0=	001ĐĄĐĄĐĄĐĄĐĄĐĄĐĄĐĄĐĄ08350128	001ĐĄĐĄĐĄĐĄĐĄĐĄĐĄĐĄĐĄ08419269
010ĐĄĐĄĐĄĐĄĐĄĐĄĐĄĐĄĐĄĐĄĐĄĐĄĐĄĐĄĐĄĐĄFFHK=AyFPFRv91EE1192FtsT+50xucaHzOM11WuWW0ORCW9ODacRSW0YdIBv2lc=	001ĐĄĐĄĐĄĐĄĐĄĐĄĐĄĐĄĐĄ08350128	001ĐĄĐĄĐĄĐĄĐĄĐĄĐĄĐĄĐĄ08419269
010ĐĄĐĄĐĄĐĄĐĄĐĄĐĄĐĄĐĄĐĄĐĄĐĄĐĄĐĄĐĄĐĄk-OlM""X-6AY91EE1192wMVHJINptgQqU+cyFh28lUi98zeE1pnxYqnOv0DitC0=	001ĐĄĐĄĐĄĐĄĐĄĐĄĐĄĐĄĐĄ08350128	001ĐĄĐĄĐĄĐĄĐĄĐĄĐĄĐĄĐĄ08419269
010ĐĄĐĄĐĄĐĄĐĄĐĄĐĄĐĄĐĄĐĄĐĄĐĄĐĄĐĄĐĄĐĄNHXY6U_.gbUD91EE1192UriCxtjtl1LqGzhtJDJWtmqdy6fajp7QKhWEdYK0NLM=	001ĐĄĐĄĐĄĐĄĐĄĐĄĐĄĐĄĐĄ08350128	001ĐĄĐĄĐĄĐĄĐĄĐĄĐĄĐĄĐĄ08419269
010ĐĄĐĄĐĄĐĄĐĄĐĄĐĄĐĄĐĄĐĄĐĄĐĄĐĄĐĄĐĄĐĄNNL(JjQwYCoi91EE1192rfhfR5ZupesGTe4VsG09cwHy4eTdFUdqa3sRIFiGBwI=	001ĐĄĐĄĐĄĐĄĐĄĐĄĐĄĐĄĐĄ08350128	001ĐĄĐĄĐĄĐĄĐĄĐĄĐĄĐĄĐĄ08419269
010ĐĄĐĄĐĄĐĄĐĄĐĄĐĄĐĄĐĄĐĄĐĄĐĄĐĄĐĄĐĄĐĄo:UnBQ:'/Pxt91EE1192qOSNPBF23seMiDqvbVH3Yn+pEA60nCFnhnMphgYtwiU=	001ĐĄĐĄĐĄĐĄĐĄĐĄĐĄĐĄĐĄ08350128	001ĐĄĐĄĐĄĐĄĐĄĐĄĐĄĐĄĐĄ08419269
010ĐĄĐĄĐĄĐĄĐĄĐĄĐĄĐĄĐĄĐĄĐĄĐĄĐĄĐĄĐĄĐĄoIuJVQTYPLke91EE1192PKNMs2UJ7P0MHzftGCDAalM2yV2dxjayYMMGvJu5az8=	001ĐĄĐĄĐĄĐĄĐĄĐĄĐĄĐĄĐĄ08350128	001ĐĄĐĄĐĄĐĄĐĄĐĄĐĄĐĄĐĄ08419269
010ĐĄĐĄĐĄĐĄĐĄĐĄĐĄĐĄĐĄĐĄĐĄĐĄĐĄĐĄĐĄĐĄOJ9O*u7QxiSh91EE1192UxDJtXpouzkXdhoMz0IhgYNS8Fu5vpUiAr9Zr729IJk=	001ĐĄĐĄĐĄĐĄĐĄĐĄĐĄĐĄĐĄ08350128	001ĐĄĐĄĐĄĐĄĐĄĐĄĐĄĐĄĐĄ08419269
010ĐĄĐĄĐĄĐĄĐĄĐĄĐĄĐĄĐĄĐĄĐĄĐĄĐĄĐĄĐĄĐĄqJ6!>eDol_Iq91EE1192VdJLeO2ynFm4L7zj+VsfsM5o2iJtrZy9Igidl6MN4UM=	001ĐĄĐĄĐĄĐĄĐĄĐĄĐĄĐĄĐĄ08350128	001ĐĄĐĄĐĄĐĄĐĄĐĄĐĄĐĄĐĄ08419269
010ĐĄĐĄĐĄĐĄĐĄĐĄĐĄĐĄĐĄĐĄĐĄĐĄĐĄĐĄĐĄĐĄqNpCKXdlEUGE91EE1192AWSasx+91FjKCpHkyF6y/P8e7q6ZVCnwfP0DlSFi4S4=	001ĐĄĐĄĐĄĐĄĐĄĐĄĐĄĐĄĐĄ08350128	001ĐĄĐĄĐĄĐĄĐĄĐĄĐĄĐĄĐĄ08419269
010ĐĄĐĄĐĄĐĄĐĄĐĄĐĄĐĄĐĄĐĄĐĄĐĄĐĄĐĄĐĄĐĄSUgAJ-.PM&j?91EE1192k4HbxhqOuqAnCUy2NwpOUsBpiKP3eJHWeStxfAP5ClA=	001ĐĄĐĄĐĄĐĄĐĄĐĄĐĄĐĄĐĄ08350128	001ĐĄĐĄĐĄĐĄĐĄĐĄĐĄĐĄĐĄ08419269
010ĐĄĐĄĐĄĐĄĐĄĐĄĐĄĐĄĐĄĐĄĐĄĐĄĐĄĐĄĐĄĐĄUUC4S5eZkEto91EE1192XXxrChPvmOk7ec5biwCKTQV+TdC7c7RFL7VnZQ6tSbc=	001ĐĄĐĄĐĄĐĄĐĄĐĄĐĄĐĄĐĄ08350128	001ĐĄĐĄĐĄĐĄĐĄĐĄĐĄĐĄĐĄ08419269
010ĐĄĐĄĐĄĐĄĐĄĐĄĐĄĐĄĐĄĐĄĐĄĐĄĐĄĐĄĐĄĐĄuXZKIbYKayFu91EE1192L8k0k8wOWaWQCD2RKpVbnvMo4B5P/U+kqdG6cucUS4I=	001ĐĄĐĄĐĄĐĄĐĄĐĄĐĄĐĄĐĄ08350128	001ĐĄĐĄĐĄĐĄĐĄĐĄĐĄĐĄĐĄ08419269
010ĐĄĐĄĐĄĐĄĐĄĐĄĐĄĐĄĐĄĐĄĐĄĐĄĐĄĐĄĐĄĐĄVzXMcyOHTl:g91EE1192o8QW0jvLE+sEJzZSM9iHsj54PXXeCWQ+sTNtZalOFFg=	001ĐĄĐĄĐĄĐĄĐĄĐĄĐĄĐĄĐĄ08350128	001ĐĄĐĄĐĄĐĄĐĄĐĄĐĄĐĄĐĄ08419269
010ĐĄĐĄĐĄĐĄĐĄĐĄĐĄĐĄĐĄĐĄĐĄĐĄĐĄĐĄĐĄĐĄ"BCT7%Zzmbn691EE1192qjbnWawc88SfcvuHkcVuVQcd4a2EpSbDpg6ejDH9GtQ=	001ĐĄĐĄĐĄĐĄĐĄĐĄĐĄĐĄĐĄ08350135	001ĐĄĐĄĐĄĐĄĐĄĐĄĐĄĐĄĐĄ08419269
010ĐĄĐĄĐĄĐĄĐĄĐĄĐĄĐĄĐĄĐĄĐĄĐĄĐĄĐĄĐĄĐĄ*ZsFxpsHWp2v91EE1192YYBqciSRr8LFv+36QhHZDNa2m/qQNlpWSKCHhq+siY8=	001ĐĄĐĄĐĄĐĄĐĄĐĄĐĄĐĄĐĄ08350135	001ĐĄĐĄĐĄĐĄĐĄĐĄĐĄĐĄĐĄ08419269
010ĐĄĐĄĐĄĐĄĐĄĐĄĐĄĐĄĐĄĐĄĐĄĐĄĐĄĐĄĐĄĐĄ2inoPZwHrTgU91EE1192Xcyz6O+vHe62rOUZcKkxWCiUEsbiFYT5sCem9NOh0u0=	001ĐĄĐĄĐĄĐĄĐĄĐĄĐĄĐĄĐĄ08350135	001ĐĄĐĄĐĄĐĄĐĄĐĄĐĄĐĄĐĄ08419269
010ĐĄĐĄĐĄĐĄĐĄĐĄĐĄĐĄĐĄĐĄĐĄĐĄĐĄĐĄĐĄĐĄ5PP7Q=8GerzI91EE1192jAx2ZhBkPO1JXxSOo4cCSIewC2/aEKaS4fudLmP87N0=	001ĐĄĐĄĐĄĐĄĐĄĐĄĐĄĐĄĐĄ08350135	001ĐĄĐĄĐĄĐĄĐĄĐĄĐĄĐĄĐĄ08419269
010ĐĄĐĄĐĄĐĄĐĄĐĄĐĄĐĄĐĄĐĄĐĄĐĄĐĄĐĄĐĄĐĄ75wtWUZA""ux91EE1192wkVlwfJpH6CSyrxsUv/xPe8lF/K4ZUGREzUY8on3ng0=	001ĐĄĐĄĐĄĐĄĐĄĐĄĐĄĐĄĐĄ08350135	001ĐĄĐĄĐĄĐĄĐĄĐĄĐĄĐĄĐĄ08419269
010ĐĄĐĄĐĄĐĄĐĄĐĄĐĄĐĄĐĄĐĄĐĄĐĄĐĄĐĄĐĄĐĄ9Jkq>cGbOkfj91EE119205ylTKgOWiij4kNT0lE4bdV8lVRLBDpbCEfG7+aJulM=	001ĐĄĐĄĐĄĐĄĐĄĐĄĐĄĐĄĐĄ08350135	001ĐĄĐĄĐĄĐĄĐĄĐĄĐĄĐĄĐĄ08419269
010ĐĄĐĄĐĄĐĄĐĄĐĄĐĄĐĄĐĄĐĄĐĄĐĄĐĄĐĄĐĄĐĄBzMRYnZW?n+p91EE1192ZzFbNrClSLuO1vCZKyuQXi+1uZHrBqGltFbvKqDC480=	001ĐĄĐĄĐĄĐĄĐĄĐĄĐĄĐĄĐĄ08350135	001ĐĄĐĄĐĄĐĄĐĄĐĄĐĄĐĄĐĄ08419269
010ĐĄĐĄĐĄĐĄĐĄĐĄĐĄĐĄĐĄĐĄĐĄĐĄĐĄĐĄĐĄĐĄClSgbhYM+QsT91EE1192kjGMqPMniTZGUurUzU6y/ySgH2N5dDtl/RiHwIxb73A=	001ĐĄĐĄĐĄĐĄĐĄĐĄĐĄĐĄĐĄ08350135	001ĐĄĐĄĐĄĐĄĐĄĐĄĐĄĐĄĐĄ08419269
010ĐĄĐĄĐĄĐĄĐĄĐĄĐĄĐĄĐĄĐĄĐĄĐĄĐĄĐĄĐĄĐĄcR:U/jQH1piS91EE1192RYF9utt0K7x9IOyGivKI7QUL4Q0UIFE2qcOXP8Br/LI=	001ĐĄĐĄĐĄĐĄĐĄĐĄĐĄĐĄĐĄ08350135	001ĐĄĐĄĐĄĐĄĐĄĐĄĐĄĐĄĐĄ08419269
010ĐĄĐĄĐĄĐĄĐĄĐĄĐĄĐĄĐĄĐĄĐĄĐĄĐĄĐĄĐĄĐĄFFgT4nXIWq<x91EE1192MBcyIe2VaRuvHKjpMVNLIzpTQyct5Wa/QlJTMYH4R9w=	001ĐĄĐĄĐĄĐĄĐĄĐĄĐĄĐĄĐĄ08350135	001ĐĄĐĄĐĄĐĄĐĄĐĄĐĄĐĄĐĄ08419269
010ĐĄĐĄĐĄĐĄĐĄĐĄĐĄĐĄĐĄĐĄĐĄĐĄĐĄĐĄĐĄĐĄNVSRIKokfAT)91EE1192s30EskKSkyTirUB9LMP4NjRD2QIVsoYMHRA97OnR/XI=	001ĐĄĐĄĐĄĐĄĐĄĐĄĐĄĐĄĐĄ08350135	001ĐĄĐĄĐĄĐĄĐĄĐĄĐĄĐĄĐĄ08419269
010ĐĄĐĄĐĄĐĄĐĄĐĄĐĄĐĄĐĄĐĄĐĄĐĄĐĄĐĄĐĄĐĄOP;gBja_/sJB91EE1192ZTD6V7eUXvULleP7hmlHO+a9cWyhPZ9idQV2p2o48sE=	001ĐĄĐĄĐĄĐĄĐĄĐĄĐĄĐĄĐĄ08350135	001ĐĄĐĄĐĄĐĄĐĄĐĄĐĄĐĄĐĄ08419269
010ĐĄĐĄĐĄĐĄĐĄĐĄĐĄĐĄĐĄĐĄĐĄĐĄĐĄĐĄĐĄĐĄOPD&:qgYR_jS91EE1192dcw8EBI6525Nt7kyZu9xm5ljCV4xGWRlj0ZZMAVb5Vk=	001ĐĄĐĄĐĄĐĄĐĄĐĄĐĄĐĄĐĄ08350135	001ĐĄĐĄĐĄĐĄĐĄĐĄĐĄĐĄĐĄ08419269
010ĐĄĐĄĐĄĐĄĐĄĐĄĐĄĐĄĐĄĐĄĐĄĐĄĐĄĐĄĐĄĐĄPQMJcO2aZRqo91EE1192TasmcolccFD7myIcRARVytNf/XpNT+95qfUKHzfpW7U=	001ĐĄĐĄĐĄĐĄĐĄĐĄĐĄĐĄĐĄ08350135	001ĐĄĐĄĐĄĐĄĐĄĐĄĐĄĐĄĐĄ08419269
010ĐĄĐĄĐĄĐĄĐĄĐĄĐĄĐĄĐĄĐĄĐĄĐĄĐĄĐĄĐĄĐĄPYFs=>EFt"8E91EE1192GykLDwjxkhimvqP8Ege5nuur+PdYAI978o5Tng/DE5E=	001ĐĄĐĄĐĄĐĄĐĄĐĄĐĄĐĄĐĄ08350135	001ĐĄĐĄĐĄĐĄĐĄĐĄĐĄĐĄĐĄ08419269
010ĐĄĐĄĐĄĐĄĐĄĐĄĐĄĐĄĐĄĐĄĐĄĐĄĐĄĐĄĐĄĐĄTaHsTo86JcLn91EE1192P5CTwx67NtK3NWEM4t8SkC/u11KnBN5uwwB7q0rjgVo=	001ĐĄĐĄĐĄĐĄĐĄĐĄĐĄĐĄĐĄ08350135	001ĐĄĐĄĐĄĐĄĐĄĐĄĐĄĐĄĐĄ08419269
010ĐĄĐĄĐĄĐĄĐĄĐĄĐĄĐĄĐĄĐĄĐĄĐĄĐĄĐĄĐĄĐĄyWUrNWxeLDb(91EE1192AHDQNwZpSO5KcqJrbe75aL8aXB5bXVECDvyaZgxauxI=	001ĐĄĐĄĐĄĐĄĐĄĐĄĐĄĐĄĐĄ08350135	001ĐĄĐĄĐĄĐĄĐĄĐĄĐĄĐĄĐĄ08419269
010ĐĄĐĄĐĄĐĄĐĄĐĄĐĄĐĄĐĄĐĄĐĄĐĄĐĄĐĄĐĄĐĄZNk<(QmBt-,h91EE1192eefZkB42voxMjKNEVjfoA7DhgO+P3sGHCsIWk3Y5c+E=	001ĐĄĐĄĐĄĐĄĐĄĐĄĐĄĐĄĐĄ08350135	001ĐĄĐĄĐĄĐĄĐĄĐĄĐĄĐĄĐĄ08419269
010ĐĄĐĄĐĄĐĄĐĄĐĄĐĄĐĄĐĄĐĄĐĄĐĄĐĄĐĄĐĄĐĄZslIA=/ff-uU91EE1192foP8md472/JedcTY5MVWcvHIzxEUopoYrxWYzr1i8nw=	001ĐĄĐĄĐĄĐĄĐĄĐĄĐĄĐĄĐĄ08350135	001ĐĄĐĄĐĄĐĄĐĄĐĄĐĄĐĄĐĄ08419269
010ĐĄĐĄĐĄĐĄĐĄĐĄĐĄĐĄĐĄĐĄĐĄĐĄĐĄĐĄĐĄĐĄ0R+CteIe_?J&91EE1192DtUHrVvzOiI4f1glqTfGrG9C3wV3MXLGPg0YNZSW5Dw=	001ĐĄĐĄĐĄĐĄĐĄĐĄĐĄĐĄĐĄ08350142	001ĐĄĐĄĐĄĐĄĐĄĐĄĐĄĐĄĐĄ08419269
010ĐĄĐĄĐĄĐĄĐĄĐĄĐĄĐĄĐĄĐĄĐĄĐĄĐĄĐĄĐĄĐĄblLK.0t>,+ct91EE1192f9B2xR4jxGUmgws5bANQxd0ynXiXZcuXW1XL5/hXfYA=	001ĐĄĐĄĐĄĐĄĐĄĐĄĐĄĐĄĐĄ08350142	001ĐĄĐĄĐĄĐĄĐĄĐĄĐĄĐĄĐĄ08419269
010ĐĄĐĄĐĄĐĄĐĄĐĄĐĄĐĄĐĄĐĄĐĄĐĄĐĄĐĄĐĄĐĄbn;HWVaDOr)a91EE1192j24YIhgLet3FPaTOTmPR5IdrVfCu3Vfxwte72EBB2Sk=	001ĐĄĐĄĐĄĐĄĐĄĐĄĐĄĐĄĐĄ08350142	001ĐĄĐĄĐĄĐĄĐĄĐĄĐĄĐĄĐĄ08419269
010ĐĄĐĄĐĄĐĄĐĄĐĄĐĄĐĄĐĄĐĄĐĄĐĄĐĄĐĄĐĄĐĄEeVa/CK"bGg191EE1192p/Ov6LYCJ0knSl2vhFjJOsEaiDixkkIBfjz4iUkDv58=	001ĐĄĐĄĐĄĐĄĐĄĐĄĐĄĐĄĐĄ08350142	001ĐĄĐĄĐĄĐĄĐĄĐĄĐĄĐĄĐĄ08419269
010ĐĄĐĄĐĄĐĄĐĄĐĄĐĄĐĄĐĄĐĄĐĄĐĄĐĄĐĄĐĄĐĄEwdgtfJ0wsep91EE11927Yh/b4F7jaJn+opVYfIk75nxAiwX8KRT5M68u5a0jws=	001ĐĄĐĄĐĄĐĄĐĄĐĄĐĄĐĄĐĄ08350142	001ĐĄĐĄĐĄĐĄĐĄĐĄĐĄĐĄĐĄ08419269
010ĐĄĐĄĐĄĐĄĐĄĐĄĐĄĐĄĐĄĐĄĐĄĐĄĐĄĐĄĐĄĐĄeXK5nX1UjcMB91EE1192iy/ZNydP/NuVGpKbkMRihFuDETIq9GoI9JUYiFkCQAw=	001ĐĄĐĄĐĄĐĄĐĄĐĄĐĄĐĄĐĄ08350142	001ĐĄĐĄĐĄĐĄĐĄĐĄĐĄĐĄĐĄ08419269
010ĐĄĐĄĐĄĐĄĐĄĐĄĐĄĐĄĐĄĐĄĐĄĐĄĐĄĐĄĐĄĐĄf;TL3B5;vROt91EE1192qN/7IpX5qg6KCl8pGiYTDylKecLfuBxihlrqwhns1g8=	001ĐĄĐĄĐĄĐĄĐĄĐĄĐĄĐĄĐĄ08350142	001ĐĄĐĄĐĄĐĄĐĄĐĄĐĄĐĄĐĄ08419269
010ĐĄĐĄĐĄĐĄĐĄĐĄĐĄĐĄĐĄĐĄĐĄĐĄĐĄĐĄĐĄĐĄFnOdit2IS_!391EE1192QXITljR0Gn5XJLp8l1ScPozxzJIE7b8l/m9wwpzA+Pg=	001ĐĄĐĄĐĄĐĄĐĄĐĄĐĄĐĄĐĄ08350142	001ĐĄĐĄĐĄĐĄĐĄĐĄĐĄĐĄĐĄ08419269
010ĐĄĐĄĐĄĐĄĐĄĐĄĐĄĐĄĐĄĐĄĐĄĐĄĐĄĐĄĐĄĐĄg=Vxczec"K4d91EE1192kgZRHTy1TA/6mK6u/QwBYnk2WiEXRN2cimWEIJK1sXE=	001ĐĄĐĄĐĄĐĄĐĄĐĄĐĄĐĄĐĄ08350142	001ĐĄĐĄĐĄĐĄĐĄĐĄĐĄĐĄĐĄ08419269
010ĐĄĐĄĐĄĐĄĐĄĐĄĐĄĐĄĐĄĐĄĐĄĐĄĐĄĐĄĐĄĐĄgITU-r=pEo7M91EE1192EolYel2C9UZJAArKKj7aleJ860a2Cxh2MMIQQP1YWEY=	001ĐĄĐĄĐĄĐĄĐĄĐĄĐĄĐĄĐĄ08350142	001ĐĄĐĄĐĄĐĄĐĄĐĄĐĄĐĄĐĄ08419269
010ĐĄĐĄĐĄĐĄĐĄĐĄĐĄĐĄĐĄĐĄĐĄĐĄĐĄĐĄĐĄĐĄgs?Cu<kf4-.m91EE1192tfeRQ4jDDpNTz7rs1zCGagRRQ2dOq6g/MJ2k3SpFNjs=	001ĐĄĐĄĐĄĐĄĐĄĐĄĐĄĐĄĐĄ08350142	001ĐĄĐĄĐĄĐĄĐĄĐĄĐĄĐĄĐĄ08419269
010ĐĄĐĄĐĄĐĄĐĄĐĄĐĄĐĄĐĄĐĄĐĄĐĄĐĄĐĄĐĄĐĄH;TJlmp.J&n/91EE11926L4h5Lu2YLoOSwgN7H2FE2j2HYE2AosggpN9fYFpr7k=	001ĐĄĐĄĐĄĐĄĐĄĐĄĐĄĐĄĐĄ08350142	001ĐĄĐĄĐĄĐĄĐĄĐĄĐĄĐĄĐĄ08419269
010ĐĄĐĄĐĄĐĄĐĄĐĄĐĄĐĄĐĄĐĄĐĄĐĄĐĄĐĄĐĄĐĄH4YEfaMYio0P91EE1192RlHd0PQJpo8mPhhDWMjp2wEISZqQkZ4dhcbITUBzutU=	001ĐĄĐĄĐĄĐĄĐĄĐĄĐĄĐĄĐĄ08350142	001ĐĄĐĄĐĄĐĄĐĄĐĄĐĄĐĄĐĄ08419269
010ĐĄĐĄĐĄĐĄĐĄĐĄĐĄĐĄĐĄĐĄĐĄĐĄĐĄĐĄĐĄĐĄNg>KZl,pze&P91EE1192/W0vXv3P6wPj2nEIfumc67U2Nnrq9tmRsiW32pGSqg4=	001ĐĄĐĄĐĄĐĄĐĄĐĄĐĄĐĄĐĄ08350142	001ĐĄĐĄĐĄĐĄĐĄĐĄĐĄĐĄĐĄ08419269
010ĐĄĐĄĐĄĐĄĐĄĐĄĐĄĐĄĐĄĐĄĐĄĐĄĐĄĐĄĐĄĐĄPmZtqJON2-Yg91EE1192t80zwocS3IFnSbRI5iDRCO7t/dSUNEBz+nGYgfCHLvI=	001ĐĄĐĄĐĄĐĄĐĄĐĄĐĄĐĄĐĄ08350142	001ĐĄĐĄĐĄĐĄĐĄĐĄĐĄĐĄĐĄ08419269
010ĐĄĐĄĐĄĐĄĐĄĐĄĐĄĐĄĐĄĐĄĐĄĐĄĐĄĐĄĐĄĐĄP-vNO<h,=6HF91EE11926K2x5XsvAiW4OMcXAZoGhZyAABa9FL6sLWhr/x6saKc=	001ĐĄĐĄĐĄĐĄĐĄĐĄĐĄĐĄĐĄ08350142	001ĐĄĐĄĐĄĐĄĐĄĐĄĐĄĐĄĐĄ08419269
010ĐĄĐĄĐĄĐĄĐĄĐĄĐĄĐĄĐĄĐĄĐĄĐĄĐĄĐĄĐĄĐĄsLUA"W.g6Anu91EE1192DZmwx7I+b8HdRiSHli9O2+0m8/oP8Ee4XquZ9zLi6iI=	001ĐĄĐĄĐĄĐĄĐĄĐĄĐĄĐĄĐĄ08350142	001ĐĄĐĄĐĄĐĄĐĄĐĄĐĄĐĄĐĄ08419269
010ĐĄĐĄĐĄĐĄĐĄĐĄĐĄĐĄĐĄĐĄĐĄĐĄĐĄĐĄĐĄĐĄsTXgbRjnZZCR91EE11924K9yWDo9wiLupAkU3ZKdWyhCODD+Qr6Ft6ZEIEquXoI=	001ĐĄĐĄĐĄĐĄĐĄĐĄĐĄĐĄĐĄ08350142	001ĐĄĐĄĐĄĐĄĐĄĐĄĐĄĐĄĐĄ08419269
010ĐĄĐĄĐĄĐĄĐĄĐĄĐĄĐĄĐĄĐĄĐĄĐĄĐĄĐĄĐĄĐĄV93ia5cNtI'a91EE11924jrARSujN/N7pViR1lMeF8yOUt05npWdc9lhl/YPBsg=	001ĐĄĐĄĐĄĐĄĐĄĐĄĐĄĐĄĐĄ08350142	001ĐĄĐĄĐĄĐĄĐĄĐĄĐĄĐĄĐĄ08419269
010ĐĄĐĄĐĄĐĄĐĄĐĄĐĄĐĄĐĄĐĄĐĄĐĄĐĄĐĄĐĄĐĄ(rlqj,:LtHmO91EE1192K32dacbhfTACytIBXyNZYHKt+dFKYBiTQg8o2kUvFIk=	001ĐĄĐĄĐĄĐĄĐĄĐĄĐĄĐĄĐĄ08350159	001ĐĄĐĄĐĄĐĄĐĄĐĄĐĄĐĄĐĄ08419269
010ĐĄĐĄĐĄĐĄĐĄĐĄĐĄĐĄĐĄĐĄĐĄĐĄĐĄĐĄĐĄĐĄ,m)Ur_GUxd/K91EE1192dzGEpKAGUpkKKkW4rDZynAGSs+IdBWr3TN+yvLL+y3g=	001ĐĄĐĄĐĄĐĄĐĄĐĄĐĄĐĄĐĄ08350159	001ĐĄĐĄĐĄĐĄĐĄĐĄĐĄĐĄĐĄ08419269
010ĐĄĐĄĐĄĐĄĐĄĐĄĐĄĐĄĐĄĐĄĐĄĐĄĐĄĐĄĐĄĐĄ1SOe<bAh"ZKw91EE11926G9lIb93VRyCm8Cy0KGgfeK+f3+HEMF3vQdB9SXEl+M=	001ĐĄĐĄĐĄĐĄĐĄĐĄĐĄĐĄĐĄ08350159	001ĐĄĐĄĐĄĐĄĐĄĐĄĐĄĐĄĐĄ08419269
010ĐĄĐĄĐĄĐĄĐĄĐĄĐĄĐĄĐĄĐĄĐĄĐĄĐĄĐĄĐĄĐĄ3>SKKp8jhqMF91EE1192MnFWXckm+oTnnKbJTFDqTcRjDJQUZLzoKJ9WXTSilJw=	001ĐĄĐĄĐĄĐĄĐĄĐĄĐĄĐĄĐĄ08350159	001ĐĄĐĄĐĄĐĄĐĄĐĄĐĄĐĄĐĄ08419269
010ĐĄĐĄĐĄĐĄĐĄĐĄĐĄĐĄĐĄĐĄĐĄĐĄĐĄĐĄĐĄĐĄdmmBg3GVorLt91EE1192y6EKJU/A72MebCF4HfT4vII92ytslaWnVVMokLJhDZY=	001ĐĄĐĄĐĄĐĄĐĄĐĄĐĄĐĄĐĄ08350159	001ĐĄĐĄĐĄĐĄĐĄĐĄĐĄĐĄĐĄ08419269
010ĐĄĐĄĐĄĐĄĐĄĐĄĐĄĐĄĐĄĐĄĐĄĐĄĐĄĐĄĐĄĐĄfTiS=tXYsSge91EE11920BMt9zWfD4zwQElMOkR+q+HQZ18HUpqRfHnlCemtVlU=	001ĐĄĐĄĐĄĐĄĐĄĐĄĐĄĐĄĐĄ08350159	001ĐĄĐĄĐĄĐĄĐĄĐĄĐĄĐĄĐĄ08419269
010ĐĄĐĄĐĄĐĄĐĄĐĄĐĄĐĄĐĄĐĄĐĄĐĄĐĄĐĄĐĄĐĄHZdnRC!!G>xS91EE1192TSFyFFWXDv/arWxM0k2cMTevI8n8f8xZHDCMogQwl5E=	001ĐĄĐĄĐĄĐĄĐĄĐĄĐĄĐĄĐĄ08350159	001ĐĄĐĄĐĄĐĄĐĄĐĄĐĄĐĄĐĄ08419269
010ĐĄĐĄĐĄĐĄĐĄĐĄĐĄĐĄĐĄĐĄĐĄĐĄĐĄĐĄĐĄĐĄk&wjuoLeHq,c91EE1192061vdfIrKxFHPyHSnBrGsjutZuxYrF3ZFDGME96IreI=	001ĐĄĐĄĐĄĐĄĐĄĐĄĐĄĐĄĐĄ08350159	001ĐĄĐĄĐĄĐĄĐĄĐĄĐĄĐĄĐĄ08419269
010ĐĄĐĄĐĄĐĄĐĄĐĄĐĄĐĄĐĄĐĄĐĄĐĄĐĄĐĄĐĄĐĄl8LQrvV+r0B>91EE11922Ag9PV1DmassfLFlENKyvsFthoBgH43hzr3UuFUgOck=	001ĐĄĐĄĐĄĐĄĐĄĐĄĐĄĐĄĐĄ08350159	001ĐĄĐĄĐĄĐĄĐĄĐĄĐĄĐĄĐĄ08419269
010ĐĄĐĄĐĄĐĄĐĄĐĄĐĄĐĄĐĄĐĄĐĄĐĄĐĄĐĄĐĄĐĄnID(+pPZ+f<c91EE1192U/+fNmadUUPK6nSAxupQL91aPS4+Hi183j7fyGQv9R4=	001ĐĄĐĄĐĄĐĄĐĄĐĄĐĄĐĄĐĄ08350159	001ĐĄĐĄĐĄĐĄĐĄĐĄĐĄĐĄĐĄ08419269
010ĐĄĐĄĐĄĐĄĐĄĐĄĐĄĐĄĐĄĐĄĐĄĐĄĐĄĐĄĐĄĐĄp.m.YPXbt,?x91EE1192t9farmKrZGw1/OfCNpvEQdA6rJ3JDlDcNFbUS/ukZCw=	001ĐĄĐĄĐĄĐĄĐĄĐĄĐĄĐĄĐĄ08350159	001ĐĄĐĄĐĄĐĄĐĄĐĄĐĄĐĄĐĄ08419269
010ĐĄĐĄĐĄĐĄĐĄĐĄĐĄĐĄĐĄĐĄĐĄĐĄĐĄĐĄĐĄĐĄqqoBD4;pUL&N91EE1192Vya4zywJAz3AqurfCngtUSrQtAPKBWPcYnhBkqIeQdI=	001ĐĄĐĄĐĄĐĄĐĄĐĄĐĄĐĄĐĄ08350159	001ĐĄĐĄĐĄĐĄĐĄĐĄĐĄĐĄĐĄ08419269
010ĐĄĐĄĐĄĐĄĐĄĐĄĐĄĐĄĐĄĐĄĐĄĐĄĐĄĐĄĐĄĐĄrdDYBpzARadg91EE1192HNaWcj410dgX0GLfuStYnm5gXK240hMaReOtUT0q8t4=	001ĐĄĐĄĐĄĐĄĐĄĐĄĐĄĐĄĐĄ08350159	001ĐĄĐĄĐĄĐĄĐĄĐĄĐĄĐĄĐĄ08419269
010ĐĄĐĄĐĄĐĄĐĄĐĄĐĄĐĄĐĄĐĄĐĄĐĄĐĄĐĄĐĄĐĄsIsgGjqd!TdZ91EE1192sXqjDK3xmzFHs3I8V/bbzHhms8OSTZ9l52wBNDEbqNk=	001ĐĄĐĄĐĄĐĄĐĄĐĄĐĄĐĄĐĄ08350159	001ĐĄĐĄĐĄĐĄĐĄĐĄĐĄĐĄĐĄ08419269
010ĐĄĐĄĐĄĐĄĐĄĐĄĐĄĐĄĐĄĐĄĐĄĐĄĐĄĐĄĐĄĐĄUm;lqH1JM?*o91EE119260xZQxqkizTDKJ/jyv7YZQnkpLDiaQdzOrHoYdDt0t0=	001ĐĄĐĄĐĄĐĄĐĄĐĄĐĄĐĄĐĄ08350159	001ĐĄĐĄĐĄĐĄĐĄĐĄĐĄĐĄĐĄ08419269
010ĐĄĐĄĐĄĐĄĐĄĐĄĐĄĐĄĐĄĐĄĐĄĐĄĐĄĐĄĐĄĐĄVmanHXgfu20m91EE1192khXUGiC/b96WpR+Fukxuql3x1fuaK+i6yh4lmoUHHmE=	001ĐĄĐĄĐĄĐĄĐĄĐĄĐĄĐĄĐĄ08350159	001ĐĄĐĄĐĄĐĄĐĄĐĄĐĄĐĄĐĄ08419269
010ĐĄĐĄĐĄĐĄĐĄĐĄĐĄĐĄĐĄĐĄĐĄĐĄĐĄĐĄĐĄĐĄwK?5)nWDlct_91EE1192bTHmabGWBksFaUgbNEvuuUyUZSEZ/o+y9q+fMG4uQ0I=	001ĐĄĐĄĐĄĐĄĐĄĐĄĐĄĐĄĐĄ08350159	001ĐĄĐĄĐĄĐĄĐĄĐĄĐĄĐĄĐĄ08419269
010ĐĄĐĄĐĄĐĄĐĄĐĄĐĄĐĄĐĄĐĄĐĄĐĄĐĄĐĄĐĄĐĄYzvFEkZsEGV/91EE11929RQ37akXoDd7QSJ3cVJdACzdKzk1yEAi2T6/ouoeWBY=	001ĐĄĐĄĐĄĐĄĐĄĐĄĐĄĐĄĐĄ08350159	001ĐĄĐĄĐĄĐĄĐĄĐĄĐĄĐĄĐĄ08419269
010ĐĄĐĄĐĄĐĄĐĄĐĄĐĄĐĄĐĄĐĄĐĄĐĄĐĄĐĄĐĄĐĄZO0WLpl<+c4W91EE1192TTwJ/BPWfccfaVuoi4hKm7poLX1XL5+84xNH+cNT26o=	001ĐĄĐĄĐĄĐĄĐĄĐĄĐĄĐĄĐĄ08350159	001ĐĄĐĄĐĄĐĄĐĄĐĄĐĄĐĄĐĄ08419269
010ĐĄĐĄĐĄĐĄĐĄĐĄĐĄĐĄĐĄĐĄĐĄĐĄĐĄĐĄĐĄĐĄ(8mMES?dhSvp91EE1192D4/Zv1nsWGWyCPD8V9kZUoOaTdxCiDw4twd9ZGZdVJI=	001ĐĄĐĄĐĄĐĄĐĄĐĄĐĄĐĄĐĄ08350166	001ĐĄĐĄĐĄĐĄĐĄĐĄĐĄĐĄĐĄ08419269
010ĐĄĐĄĐĄĐĄĐĄĐĄĐĄĐĄĐĄĐĄĐĄĐĄĐĄĐĄĐĄĐĄ,B=KooLcGxAl91EE1192tPtCgXSWd2taUm1F5078Q1ErGg/TxeQeEgCcv1GwB6E=	001ĐĄĐĄĐĄĐĄĐĄĐĄĐĄĐĄĐĄ08350166	001ĐĄĐĄĐĄĐĄĐĄĐĄĐĄĐĄĐĄ08419269
010ĐĄĐĄĐĄĐĄĐĄĐĄĐĄĐĄĐĄĐĄĐĄĐĄĐĄĐĄĐĄĐĄ=c6UffQ_ipIF91EE1192fX66ynQpdHKz6nAJVIAmRe30Gb1aSNh2/jz9+abBYwA=	001ĐĄĐĄĐĄĐĄĐĄĐĄĐĄĐĄĐĄ08350166	001ĐĄĐĄĐĄĐĄĐĄĐĄĐĄĐĄĐĄ08419269
010ĐĄĐĄĐĄĐĄĐĄĐĄĐĄĐĄĐĄĐĄĐĄĐĄĐĄĐĄĐĄĐĄD-x.KOv9Z)Ci91EE1192waD/vL8XbpmTDrR3ml85+soYykg4xImyYMJCBI/5zMw=	001ĐĄĐĄĐĄĐĄĐĄĐĄĐĄĐĄĐĄ08350166	001ĐĄĐĄĐĄĐĄĐĄĐĄĐĄĐĄĐĄ08419269
010ĐĄĐĄĐĄĐĄĐĄĐĄĐĄĐĄĐĄĐĄĐĄĐĄĐĄĐĄĐĄĐĄfRbtpxo/!RZf91EE1192tgCyvZs+IxnGZlvfUXxjNPn7IiqUzWQevs5Fhsufydo=	001ĐĄĐĄĐĄĐĄĐĄĐĄĐĄĐĄĐĄ08350166	001ĐĄĐĄĐĄĐĄĐĄĐĄĐĄĐĄĐĄ08419269
010ĐĄĐĄĐĄĐĄĐĄĐĄĐĄĐĄĐĄĐĄĐĄĐĄĐĄĐĄĐĄĐĄGeasWRL>AMb:91EE1192RiNC/MIq9REjEkKftKqTL7RcNF5al7vzdUrItcIsvHw=	001ĐĄĐĄĐĄĐĄĐĄĐĄĐĄĐĄĐĄ08350166	001ĐĄĐĄĐĄĐĄĐĄĐĄĐĄĐĄĐĄ08419269
010ĐĄĐĄĐĄĐĄĐĄĐĄĐĄĐĄĐĄĐĄĐĄĐĄĐĄĐĄĐĄĐĄGpoV6ybI7tKS91EE1192KtrlqYA2iDRtFe/kVimfyjUPH9Rdm+NVwVhav1lPvio=	001ĐĄĐĄĐĄĐĄĐĄĐĄĐĄĐĄĐĄ08350166	001ĐĄĐĄĐĄĐĄĐĄĐĄĐĄĐĄĐĄ08419269
010ĐĄĐĄĐĄĐĄĐĄĐĄĐĄĐĄĐĄĐĄĐĄĐĄĐĄĐĄĐĄĐĄhNcsahQ;4A3(91EE1192fzX09qSljWxHnqmHw6z4PXJDz8IGeWbZXlj3acxj60g=	001ĐĄĐĄĐĄĐĄĐĄĐĄĐĄĐĄĐĄ08350166	001ĐĄĐĄĐĄĐĄĐĄĐĄĐĄĐĄĐĄ08419269
010ĐĄĐĄĐĄĐĄĐĄĐĄĐĄĐĄĐĄĐĄĐĄĐĄĐĄĐĄĐĄĐĄIbcnZVvoVm6N91EE1192wn146reCZj1iJppiPvaGTEqhxQMSX+elUi+a8Bg3HLU=	001ĐĄĐĄĐĄĐĄĐĄĐĄĐĄĐĄĐĄ08350166	001ĐĄĐĄĐĄĐĄĐĄĐĄĐĄĐĄĐĄ08419269
010ĐĄĐĄĐĄĐĄĐĄĐĄĐĄĐĄĐĄĐĄĐĄĐĄĐĄĐĄĐĄĐĄj>qB4eqHs4Ee91EE11929D0GCeX1ddGYXgFYTYKUTVI9vijIpekghfrSLj43dl8=	001ĐĄĐĄĐĄĐĄĐĄĐĄĐĄĐĄĐĄ08350166	001ĐĄĐĄĐĄĐĄĐĄĐĄĐĄĐĄĐĄ08419269
010ĐĄĐĄĐĄĐĄĐĄĐĄĐĄĐĄĐĄĐĄĐĄĐĄĐĄĐĄĐĄĐĄJGA66s0d72Wn91EE1192HRnmAwvCJ8eSJekFoAKBhMgHSb15W0iXeaQJ8ojemCY=	001ĐĄĐĄĐĄĐĄĐĄĐĄĐĄĐĄĐĄ08350166	001ĐĄĐĄĐĄĐĄĐĄĐĄĐĄĐĄĐĄ08419269
010ĐĄĐĄĐĄĐĄĐĄĐĄĐĄĐĄĐĄĐĄĐĄĐĄĐĄĐĄĐĄĐĄlFWFOQmEdVQG91EE1192oPQpNhCVWHyBWdV6JQ45iLPUkmteYosrsBeWwJ/MuL4=	001ĐĄĐĄĐĄĐĄĐĄĐĄĐĄĐĄĐĄ08350166	001ĐĄĐĄĐĄĐĄĐĄĐĄĐĄĐĄĐĄ08419269
010ĐĄĐĄĐĄĐĄĐĄĐĄĐĄĐĄĐĄĐĄĐĄĐĄĐĄĐĄĐĄĐĄMdNgwyLfVcLC91EE1192PB9phaDWsfaIu1Qz5VglEeKvQuAU6ChaqM5nhx9S8iM=	001ĐĄĐĄĐĄĐĄĐĄĐĄĐĄĐĄĐĄ08350166	001ĐĄĐĄĐĄĐĄĐĄĐĄĐĄĐĄĐĄ08419269
010ĐĄĐĄĐĄĐĄĐĄĐĄĐĄĐĄĐĄĐĄĐĄĐĄĐĄĐĄĐĄĐĄMJS30DZoFhoW91EE1192aXzNcweLOA0Ud+QdrwxHXKGmQPSEY/E16/MyC4kN23U=	001ĐĄĐĄĐĄĐĄĐĄĐĄĐĄĐĄĐĄ08350166	001ĐĄĐĄĐĄĐĄĐĄĐĄĐĄĐĄĐĄ08419269
010ĐĄĐĄĐĄĐĄĐĄĐĄĐĄĐĄĐĄĐĄĐĄĐĄĐĄĐĄĐĄĐĄnw"gK(sbjGA>91EE1192fi4BE4/zaOK2u3cDqmlFPN6lF5rACzJzgN5FUxWNuJY=	001ĐĄĐĄĐĄĐĄĐĄĐĄĐĄĐĄĐĄ08350166	001ĐĄĐĄĐĄĐĄĐĄĐĄĐĄĐĄĐĄ08419269
010ĐĄĐĄĐĄĐĄĐĄĐĄĐĄĐĄĐĄĐĄĐĄĐĄĐĄĐĄĐĄĐĄP6*DS.D=DEoh91EE1192AmSefGqoifouxIN+iohBZYZ0o0KyEpxTpWIHAVQT5bs=	001ĐĄĐĄĐĄĐĄĐĄĐĄĐĄĐĄĐĄ08350166	001ĐĄĐĄĐĄĐĄĐĄĐĄĐĄĐĄĐĄ08419269
010ĐĄĐĄĐĄĐĄĐĄĐĄĐĄĐĄĐĄĐĄĐĄĐĄĐĄĐĄĐĄĐĄpNJQfCEIdsB991EE1192dAo/VnJweH7DaZLwM17Iw8m/bRhlmfeKeApBCfXJxs0=	001ĐĄĐĄĐĄĐĄĐĄĐĄĐĄĐĄĐĄ08350166	001ĐĄĐĄĐĄĐĄĐĄĐĄĐĄĐĄĐĄ08419269
010ĐĄĐĄĐĄĐĄĐĄĐĄĐĄĐĄĐĄĐĄĐĄĐĄĐĄĐĄĐĄĐĄqb1ZBVCEBZp&91EE1192ck916GNxcpp6/AwrZwftHWatE5wdvB8hPeg8MJqiEl0=	001ĐĄĐĄĐĄĐĄĐĄĐĄĐĄĐĄĐĄ08350166	001ĐĄĐĄĐĄĐĄĐĄĐĄĐĄĐĄĐĄ08419269
010ĐĄĐĄĐĄĐĄĐĄĐĄĐĄĐĄĐĄĐĄĐĄĐĄĐĄĐĄĐĄĐĄXfL0VrqVUU&A91EE1192PvtrMutQ9sI8PdZgiaHeTKGEZ58aC6TpbyC5Hp4zmHU=	001ĐĄĐĄĐĄĐĄĐĄĐĄĐĄĐĄĐĄ08350166	001ĐĄĐĄĐĄĐĄĐĄĐĄĐĄĐĄĐĄ08419269
010ĐĄĐĄĐĄĐĄĐĄĐĄĐĄĐĄĐĄĐĄĐĄĐĄĐĄĐĄĐĄĐĄ%u4d%oRcJxeM91EE1192u/JgmTs7sKctT5VKW61U2p9ZapaDgLYPn9lxwiO902E=	001ĐĄĐĄĐĄĐĄĐĄĐĄĐĄĐĄĐĄ08350173	001ĐĄĐĄĐĄĐĄĐĄĐĄĐĄĐĄĐĄ08419269
010ĐĄĐĄĐĄĐĄĐĄĐĄĐĄĐĄĐĄĐĄĐĄĐĄĐĄĐĄĐĄĐĄ&:xm;C:y1A%s91EE11928JotgBeaEfIFKKEvVtBlDd08p/FCdHybLUYbD0gYOe4=	001ĐĄĐĄĐĄĐĄĐĄĐĄĐĄĐĄĐĄ08350173	001ĐĄĐĄĐĄĐĄĐĄĐĄĐĄĐĄĐĄ08419269
010ĐĄĐĄĐĄĐĄĐĄĐĄĐĄĐĄĐĄĐĄĐĄĐĄĐĄĐĄĐĄĐĄ)e/,>FT,rk+c91EE1192Hro/E2sykyWJDDJTCyqZGBQC2Xr97PYhyjoHzvnt300=	001ĐĄĐĄĐĄĐĄĐĄĐĄĐĄĐĄĐĄ08350173	001ĐĄĐĄĐĄĐĄĐĄĐĄĐĄĐĄĐĄ08419269
010ĐĄĐĄĐĄĐĄĐĄĐĄĐĄĐĄĐĄĐĄĐĄĐĄĐĄĐĄĐĄĐĄ;V!iFLu3tzDd91EE1192xE+VfH3JT/+RH7K1Ga1kVfLtSoKfhNvZGNQhDtxmCmw=	001ĐĄĐĄĐĄĐĄĐĄĐĄĐĄĐĄĐĄ08350173	001ĐĄĐĄĐĄĐĄĐĄĐĄĐĄĐĄĐĄ08419269
010ĐĄĐĄĐĄĐĄĐĄĐĄĐĄĐĄĐĄĐĄĐĄĐĄĐĄĐĄĐĄĐĄ5YuXeQ)!a!/K91EE11928DwaP4zyAnhV9fPPdVBB4pLvyVVX/maa/8C+B6lnEDQ=	001ĐĄĐĄĐĄĐĄĐĄĐĄĐĄĐĄĐĄ08350173	001ĐĄĐĄĐĄĐĄĐĄĐĄĐĄĐĄĐĄ08419269